{
  "date": "2023-03-21T02:24:46.828Z",
  "title": "Biscoito Amanteigado de Especiarias - Gluten Free / Sem Glúten",
  "thumbnail": "/img/uploads/glutcapa.png",
  "description": "Experimente o delicioso biscoito amanteigado de especiarias sem glúten, feito com ingredientes cuidadosamente selecionados para uma opção mais saudável. Com uma mistura de especiarias como canela, gengibre, noz-moscada e cravo, esse biscoito tem um sabor rico e distinto com textura macia e crocante. Aproveite a chance de experimentar a melhor combinação de sabor e saúde!",
  "body": "![](/img/uploads/glut.png)\n\n![](/img/uploads/glutdica.png)"
}