{
  "date": "2023-03-19T11:08:04.144Z",
  "title": "Biscoito de Especiarias",
  "thumbnail": "/img/uploads/espcapa.png",
  "description": "O biscoito de especiarias é uma sobremesa deliciosa e aromática, perfeita para o outono e inverno. É feito com uma mistura de especiarias como canela, noz-moscada, cravo, gengibre e em algumas versões até pimenta da Jamaica, o que lhe dá um sabor único e perfumado.",
  "body": "![](/img/uploads/esp.png)\n\n![](/img/uploads/espdica1.png)\n\n![](/img/uploads/espdica2.png)"
}