{
  "date": "2023-03-21T02:27:36.345Z",
  "title": "Biscoito de Cacau ao Rum",
  "description": "O biscoito de cacau ao rum é uma sobremesa sofisticada que combina o sabor rico do cacau com o aroma do rum. Feito com ingredientes cuidadosamente selecionados, esses biscoitos têm uma textura crocante por fora e macia por dentro, com um sabor intenso e delicioso. Ideal para acompanhar café ou chá, e perfeito para compartilhar em ocasiões especiais.",
  "thumbnail": "/img/uploads/rumcapa.png",
  "body": "![](/img/uploads/rum.png)\n\n![](/img/uploads/rumdicas.png)"
}