{
  "date": "2022-05-19T11:01:00.000Z",
  "description": "Oi, pessoal, deixei aqui, uma receita muito deliciosa do chocolate elástico, espero que gostem.\nEsta receita leva só dois ingredientes e pode ser uma opção para decorar biscoitos e Quitutues , dando sabor diferenciado e  volume em apliques lindos e criativos.\nEla tem a vantagem de ter longa validade, além de ser rápido de fazer e o mais importante, o saber de chocolate é muito apreciado e agrada muita gente.\nÓtima opção inclusive para biscoitos de Natal e Páscoa, podendo ser usado em qualquer ocasião do ano!!",
  "thumbnail": "/img/uploads/1c16ac50-7994-4de9-844b-402abeb4cf37.jpg",
  "body": "\n\n![](/img/uploads/c8c3f8fb-d25f-4967-a52c-bc44194affb3.jpg)",
  "title": "Chocolate Elástico da Tina",
  "sections": []
}