{
  "date": "2023-11-11T15:30:09.452Z",
  "title": "Cookies  Saudáveis de Bananas",
  "thumbnail": "/img/uploads/whatsapp-image-2023-11-10-at-5.47.04-pm.jpeg",
  "body": "![](/img/uploads/blog.jpg)\n\n![](/img/uploads/dica.jpeg)\n\n![]()\n\n![]()\n\n![]()\n\n![]()\n\n![]()\n\n![]()\n\n![]()\n\n![]()\n\n![]()\n\n![]()",
  "description": "Receita saudável  que agrada o paladar de toda familia especialmente as crianças, biscoito nutritivo e delisioso que  você pode incluir no seu menu.\n\nFaz esta delicia e me conta o que achou!"
}