{
  "date": "2023-03-21T02:33:33.836Z",
  "description": "A geleia de damasco é um doce feito com frutas frescas e açúcar, cozidos lentamente até obter uma textura suave e doce. É perfeita para passar em pães e biscoitos, e também pode ser usada como ingrediente em pratos de carne e queijos. Rica em vitaminas e antioxidantes, a geleia de damasco é uma opção saudável e saborosa para acrescentar em sua alimentação. ",
  "title": "Geléia de Damascos",
  "thumbnail": "/img/uploads/geldmcapa.png",
  "body": "\n\n![](/img/uploads/geldm.png)\n\n![](/img/uploads/geldmdicas.png)"
}