{
  "date": "2022-08-03T12:48:00.000Z",
  "title": "Receita de Thumbprint Cookies",
  "description": "Olá pessoal, tudo bem? Hoje eu vou trazer essa super Receita de Thumbprint Cookies. Vamos lá?",
  "body": "## Olá pessoal, tudo bem? Hoje eu vou trazer essa super Receita de Thumbprint Cookies. Vamos lá?\n\n<center>\n\n<iframe width=\"560\" height=\"315\" src=\"https://www.youtube.com/embed/QF0pYR_ACF0\" title=\"YouTube video player\" frameborder=\"0\" allow=\"accelerometer; autoplay; clipboard-write; encrypted-media; gyroscope; picture-in-picture\" allowfullscreen></iframe>\n\n</center>\n\n![](/img/uploads/thumb.png)\n\n![](/img/uploads/thumb_dicas.png)",
  "thumbnail": "/img/uploads/thumb_capa.png"
}