{
  "date": "2022-11-03T22:35:04.453Z",
  "title": "Receita de Crinkles - Variação da Receita de Especiarias ",
  "thumbnail": "/img/uploads/crin_capa.png",
  "body": "![](/img/uploads/crin.png)\n\n![](/img/uploads/crin_dicas.png)\n\n<iframe width=\"560\" height=\"315\" src=\"https://www.youtube.com/embed/JptLP3NYUEk\" title=\"YouTube video player\" frameborder=\"0\" allow=\"accelerometer; autoplay; clipboard-write; encrypted-media; gyroscope; picture-in-picture\" allowfullscreen></iframe>",
  "sections": [
    {
      "type": "banners-grid",
      "banners": []
    }
  ],
  "description": "Esta receita maravilhosa, é uma variação da receita original de Biscoitos de Especiarias."
}