{
  "marketing_stripe": {
    "text": "Bem-vindos ao nosso novo site, conheça todas as categorias!",
    "link": "",
    "background": "#7bf2da",
    "color": "#000000"
  },
  "contacts_stripe": {
    "pages": [
      {
        "title": "Sobre nós",
        "link": "/pages/sobre-nos"
      },
      {
        "title": "Blog da Tina",
        "link": "https://itsquitutes.com/blog"
      }
    ],
    "phone_wpp": true,
    "socials": true
  },
  "categories_list": {
    "featured": [
      "/maos-na-massa?Mãos na Massa",
      "/cortar-e-assar?Cortar e Assar",
      "/decoracao-em-glace-real?Decoração em Glacê Real",
      "/acabamento-e-pintura?Acabamento e Pintura",
      "/embalar?Embalar",
      "/eletro?Eletro & Acessórios",
      "/pre-vendas?Pré-Vendas"
    ],
    "random": 6,
    "full_width": true
  },
  "desktop_megamenu": false,
  "search_input": true,
  "alphabetical_order_submenu": false,
  "full_width_submenu": false
}