{
  "meta_title": "It's Quitutes",
  "meta_description": "Its Quitutes - Os melhores produtos testados e aprovados para você. ",
  "sections": [
    {
      "type": "banner-slider",
      "autoplay": 3000,
      "full_width": false,
      "slides": [
        {
          "start": "2024-01-27T05:00:00.000Z",
          "end": "2024-02-29T05:00:00.000Z",
          "mobile_img": "/img/uploads/feriaspng.png",
          "img": "/img/uploads/feriaspng.png"
        },
        {
          "start": "",
          "end": "",
          "img": "/img/uploads/1.png",
          "link": "https://itsquitutes.com/search?term="
        }
      ]
    },
    {
      "type": "info-bar",
      "enabled": true
    },
    {
      "type": "responsive-banner",
      "img": "/img/uploads/bannerblog.png",
      "link": "https://itsquitutes.com/blog",
      "alt": "Visite nosso blog: Produtos e receitas testadas e aprovados com todo o carinho e por quem também põe a mão na massa!",
      "mobile_img": "/img/uploads/bannerblog.png"
    },
    {
      "type": "banners-grid",
      "banners": [
        {
          "img": "/img/uploads/maos_na_massa200x350.png",
          "link": "https://www.itsquitutes.com/maos-na-massa",
          "alt": "Mãos na Massa",
          "mobile_img": "/img/uploads/maos_na_massa350x150.png"
        },
        {
          "img": "/img/uploads/cortar_e_assar200x350.png",
          "link": "https://www.itsquitutes.com/cortar-e-assar",
          "alt": "Cortar e Assar",
          "mobile_img": "/img/uploads/cortar_e_assar350x150.png"
        },
        {
          "img": "/img/uploads/decoracao_em_glace_real200x350.png",
          "link": "https://www.itsquitutes.com/decoracao-em-glace-real",
          "alt": "Decoração em Glacê Real",
          "mobile_img": "/img/uploads/decoracao_em_glace_real350x150.png"
        }
      ]
    },
    {
      "type": "collection-shelf",
      "shuffle": false,
      "limit": 12,
      "page": 1,
      "collection_id": "629bcc70ac0cb4200f028504:categories:Acabamento e Pintura:/acabamento-e-pintura",
      "sort": "news"
    },
    {
      "type": "collection-shelf",
      "shuffle": true,
      "collection_id": "629bc7c8ac0cb4200f027c79:categories:Estêncil:/estencil",
      "sort": "offers",
      "title": "",
      "headless": false,
      "limit": 12,
      "page": 1
    },
    {
      "type": "banners-grid",
      "banners": [
        {
          "img": "/img/uploads/acabamento_e_pintura200x350.png",
          "link": "https://www.itsquitutes.com/acabamento-e-pintura",
          "alt": "Acabamento e Pintura",
          "mobile_img": "/img/uploads/acabamento_e_pintura350x150.png"
        },
        {
          "img": "/img/uploads/embalar200x350.png",
          "link": "https://www.itsquitutes.com/embalar",
          "alt": "Embalar",
          "mobile_img": "/img/uploads/embalar350x150.png"
        },
        {
          "img": "/img/uploads/eletro_e_acessorios200x350.png",
          "link": "https://www.itsquitutes.com/eletro",
          "alt": "Eletro",
          "mobile_img": "/img/uploads/eletro_e_acessorios350x150.png"
        }
      ]
    },
    {
      "type": "collection-shelf",
      "shuffle": true,
      "limit": 12,
      "page": 1,
      "collection_id": "629bc78dac0cb4200f027c07:categories:Decoração em Glacê Real:/decoracao-em-glace-real",
      "sort": "sales",
      "link": "",
      "title": "Decoração em Glacê Real"
    },
    {
      "type": "collection-shelf",
      "shuffle": true,
      "limit": 12,
      "page": 1,
      "collection_id": "629bcfe5ac0cb4200f028fbe:categories:Combos:/combos",
      "sort": "sales",
      "title": "Combos para todos!"
    },
    {
      "type": "page-title",
      "title": "",
      "description": ""
    },
    {
      "type": "collection-shelf",
      "shuffle": true,
      "limit": 12,
      "page": 1,
      "collection_id": "62acd4b7eb85911216582100:collections:Pré-Vendas:/pre-vendas",
      "title": "Pré-Vendas Its Quitutes: Reserve o seu!",
      "link": "https://www.itsquitutes.com/pre-vendas"
    },
    {
      "type": "custom-html",
      "html": "<!---\n<h1><a href=\"https://itsquitutes.com/blog\">Blog da Tina</a></h1>\n--->"
    },
    {
      "type": "brands-carousel",
      "limit": 24,
      "offset": 0
    }
  ]
}
