{
  "sections": [
    {
      "type": "banner-slider",
      "autoplay": 9000,
      "full_width": false,
      "slides": []
    },
    {
      "type": "breadcrumbs",
      "enabled": true
    },
    {
      "type": "product-block",
      "enabled": true,
      "size_guide": {
        "image": "",
        "title": ""
      }
    },
    {
      "type": "product-description",
      "enabled": true
    },
    {
      "type": "product-specifications",
      "enabled": true
    },
    {
      "type": "related-products",
      "title": "Produtos relacionados"
    },
    {
      "type": "custom-html",
      "html": "<h4>Comentários do site</h4>\n<div class=\"fb-comments\" data-href=\"https://www.itsquitutes.com\" data-width=\"100%\" data-mobile data-numposts=\"30\">\n</div>\n<script>\n    var attr = document.getElementsByClassName(\"fb-comments\");\n    attr[0].setAttribute('data-href', location.href);\n</script>\n<!---\n<meta property=\"og:url\" content=\"URL\" />\n<meta property=\"og:title\" content=\"TITLE\" />\n<meta property=\"og:description\" content=\"DESC\" />\n<meta property=\"og:image\" content=\"IMG\" />\n\n--->"
    },
    {
      "type": "recommended-products",
      "title": "Quem comprou este produto, também comprou:"
    }
  ]
}